Index,Filename,Preprocessing Steps,WER,CER,Levenshtein Distance,Levenshtein Distance Improvement (%)
31,0,filter,0.45,0.3,339,7.377049180327869
32,1,filter,0.39,0.19,185,13.145539906103288
2,2,No preprocessing,0.31,0.14,186,0.0
158,3,filter non_local_means,0.5,0.41,334,6.70391061452514
66,4,non_local_means,0.81,0.66,573,3.697478991596639
36,5,filter,0.87,0.67,614,0.967741935483871
68,6,non_local_means,0.39,0.21,126,1.5625
162,7,filter non_local_means,0.81,0.58,396,1.4925373134328357
163,8,filter non_local_means,0.47,0.43,289,23.7467018469657
9,9,No preprocessing,0.79,0.65,551,0.0
227,10,filter thresholding,0.82,0.59,261,14.426229508196723
383,11,filter non_local_means thresholding,0.79,0.72,456,5.590062111801243
12,12,No preprocessing,0.81,0.68,647,0.0
13,13,No preprocessing,0.43,0.27,157,0.0
14,14,No preprocessing,0.99,0.8,629,0.0
77,15,non_local_means,0.55,0.27,281,1.056338028169014
171,16,filter non_local_means,0.75,0.21,244,58.71404399323181
172,17,filter non_local_means,0.53,0.25,204,37.80487804878049
173,18,filter non_local_means,0.71,0.51,586,11.879699248120302
81,19,non_local_means,0.93,0.52,280,23.28767123287671
51,20,filter,0.93,0.86,561,6.030150753768844
83,21,non_local_means,0.87,0.46,247,55.33453887884268
177,22,filter non_local_means,0.61,0.25,299,20.47872340425532
178,23,filter non_local_means,2.08,1.01,829,46.72236503856041
55,24,filter,0.85,0.68,326,21.634615384615387
25,25,No preprocessing,0.82,0.41,150,0.0
26,26,No preprocessing,0.76,0.33,234,0.0
27,27,No preprocessing,0.96,0.56,241,0.0
183,28,filter non_local_means,0.6,0.5,424,67.63358778625954
153,29,thresholding,1.33,0.59,558,0.7117437722419928
61,30,filter,1.05,0.59,409,18.36327345309381
